"U.S.  Military Assistance, Constant 2012 $US ",,,,,,,,,,,,,,,,,,,,,,,,,,,,,,,,,,,,,,,,,,,,,,,,,,,,,,,,,,,,,,,,,,,,,
Obligations,,,,,,,,,,,,,,,,,,,,,,,,,,,,,,,,,,,,,,,,,,,,,,,,,,,,,,,,,,,,,,,,,,,,,
"Source: US Overseas Loans & Grants [Greenbook], http://gbk.eads.usaidallnet.gov/",,,,,,,,,,,,,,,,,,,,,,,,,,,,,,,,,,,,,,,,,,,,,,,,,,,,,,,,,,,,,,,,,,,,,
"Prepared by USAID Economic Analysis and Data Services on March 28, 2014",,,,,,,,,,,,,,,,,,,,,,,,,,,,,,,,,,,,,,,,,,,,,,,,,,,,,,,,,,,,,,,,,,,,,
"tq—In 1976 the U.S. Government changed the fiscal year from July-June to October-September. The Transition Quarter (TQ) reports the 3 month adjustment period of July, August and September in 1976.",,,,,,,,,,,,,,,,,,,,,,,,,,,,,,,,,,,,,,,,,,,,,,,,,,,,,,,,,,,,,,,,,,,,,
,,,,,,,,,,,,,,,,,,,,,,,,,,,,,,,,,,,,,,,,,,,,,,,,,,,,,,,,,,,,,,,,,,,,,
Country Name,Program Name,FY1946,FY1947,FY1948,FY1949,FY1950,FY1951,FY1952,FY1953,FY1954,FY1955,FY1956,FY1957,FY1958,FY1959,FY1960,FY1961,FY1962,FY1963,FY1964,FY1965,FY1966,FY1967,FY1968,FY1969,FY1970,FY1971,FY1972,FY1973,FY1974,FY1975,FY1976,FY1976tq,FY1977,FY1978,FY1979,FY1980,FY1981,FY1982,FY1983,FY1984,FY1985,FY1986,FY1987,FY1988,FY1989,FY1990,FY1991,FY1992,FY1993,FY1994,FY1995,FY1996,FY1997,FY1998,FY1999,FY2000,FY2001,FY2002,FY2003,FY2004,FY2005,FY2006,FY2007,FY2008,FY2009,FY2010,FY2011,FY2012
Afghanistan,"Military Assistance, Total",,,,,,,,,,,,,"644,842","2,517,762","1,243,348","3,063,987","6,060,669","4,985,952","910,950","389,561","665,912","893,506","1,022,941","1,386,076","971,710","713,603","1,050,657","876,156","557,984","679,346","859,477","3,217","534,166","726,058",,,,,,,,,,,,,,,,,,,,,,,,"64,401,840","421,172,767","643,193,929","819,772,720","2,111,071,357","4,225,811,395","6,612,348,113","6,336,409,356","7,067,042,629","10,451,563,343","9,559,928,000"
Albania,"Military Assistance, Total",,,,,,,,,,,,,,,,,,,,,,,,,,,,,,,,,,,,,,,,,,,,,,,,"193,008","253,773","373,503","1,181,670","7,609,068","1,130,716","3,113,013","7,145,212","3,089,431","12,001,584","6,091,305","10,865,437","7,414,645","5,135,802","5,143,996","4,401,829","2,933,967","4,353,509","5,281,924","5,148,864","4,067,500"
Algeria,"Military Assistance, Total",,,,,,,,,,,,,,,,,,,,,,,,,,,,,,,,,,,,,,,,,"103,129","71,474","235,616","140,094","171,489","231,246","270,748","226,181","202,133","80,914","104,702","104,109","83,141","169,580","164,708","149,783","153,981","83,871","750,779","860,276","1,057,984","922,333","1,829,741","739,343","928,468","1,055,345","1,054,010","1,293,400"
Angola,"Military Assistance, Total",,,,,,,,,,,,,,,,,,,,,,,,,,,,,,,,,,,,,,,,,,,,,,,,,,,,"2,776,234","237,157",,,,,,"370,482","598,245","362,704","718,366","477,844","369,139","497,844","387,826","425,677","434,600"
Antigua and Barbuda,"Military Assistance, Total",,,,,,,,,,,,,,,,,,,,,,,,,,,,,,,,,,,,,,,"28,107","58,076","84,379","76,972","67,829","76,100","4,995","1,259,007","1,002,540","1,322,404","141,641","63,575","60,841","247,085","464,774","6,293,320","14,948,573","919,538","962,061","4,535,306","407,285","1,833,022","755,538","485,262","587,781","112,763","714,206","2,281,209","385,961","426,000"
Argentina,"Military Assistance, Total",,,,,,,,,,,,,,,"1,709,603","23,929,741","176,395,785","8,720,928","59,614,019","96,157,724","156,136,348","87,436,727","60,912,921","59,453,472","2,857,116","75,407,172","90,585,102","50,324,186","90,098,763","107,059,177","114,097,997","321,710","2,226,205",,,,,,,,,,,"57,075","243,082","236,064","6,219,461","10,075,604","23,691,560","1,801,197","8,061,541","23,135,939","3,037,806","7,605,902","11,081,944","7,603,979","2,683,845","3,492,548","5,670,097","1,572,187","1,500,646","1,427,767","1,491,223","1,413,793","1,426,312","1,541,947","693,508","795,000"
Armenia,"Military Assistance, Total",,,,,,,,,,,,,,,,,,,,,,,,,,,,,,,,,,,,,,,,,,,,,,,,,,,,,,,,,,"10,108,361","6,942,250","4,013,026","10,002,762","5,377,101","5,264,725","3,908,623","3,525,869","3,628,723","20,075,072","20,815,000"
Asia (not specified),"Military Assistance, Total",,,,,"242,280,055","700,193,372","1,101,550,194","1,526,911,658","1,551,888,672","367,728,201","-141,267,138","-45,378,661","-13,407,603",,,,,,,,,,,,,,,,,,,,,,,,,,,,,,,,,,,,,,,,,,,,,,,,,"784,487",,,,,,
Australia,"Military Assistance, Total",,,,,,,,,,,,,,"158,619,011","28,596,996","14,094,342","118,183,054","186,150,207","147,881,572","58,143,502","28,457,760",,,,,,,,,,,,,,,,,,,,,,,,,,,,,"14,449",,,,,,,,,,,,,,"7,447","210,061",,,
Austria,"Military Assistance, Total",,,,,"439,953,483",,"2,179,561",,,"2,100,544","2,729,800","230,182","240,481,327","39,258,205","22,678,661","4,528,573","46,939,885","51,535,475","2,490,326","284,903","130,906","93,763","58,606",,"19,338",,"52,753","96,883","94,307","32,011","59,732","3,217","74,104","144,633","133,842","59,035","62,698","79,643","84,320","104,536","84,379","117,291","94,603","38,050","34,964","20,876","40,225",,,"14,449","21,223","20,822",,,,,,,,,,,,,,,,
Azerbaijan,"Military Assistance, Total",,,,,,,,,,,,,,,,,,,,,,,,,,,,,,,,,,,,,,,,,,,,,,,,,,,,,,,,,,"10,630,366","7,210,911","4,267,878","11,963,451","7,894,185","4,944,983","4,290,315","4,222,221","4,169,393","21,922,390","24,174,000"
"Bahamas, The","Military Assistance, Total",,,,,,,,,,,,,,,,,,,,,,,,,,,,,,,,,,,,,,,,,"82,504","76,972","82,108","88,207","59,938","70,659","182,561","120,630","110,657","21,673","74,989","265,130","939,089","1,243,590","5,475,210","6,586,548","6,940,583","6,291,594","6,020,951","7,213,635","2,277,042","6,626,677","7,900,216","14,054,958","10,736,204","7,124,359","5,256,811","917,867"
Bahrain,"Military Assistance, Total",,,,,,,,,,,,,,,,,,,,,,,,,,,,,,,,,,,,,,,,,,,,,,,,"1,619,455","889,682","1,467,421","33,481,672","114,228,169","15,828,047","27,582,616","23,984,049","19,138,365","7,932,155","48,598,998","115,949,821","30,211,358","28,760,306","18,204,591","24,734,491","4,902,002","9,095,629","21,214,018","17,161,406","10,553,835"
Bangladesh,"Military Assistance, Total",,,,,,,,,,,,,,,,,,,,,,,,,,,,,,,,,"135,857","610,351","631,732","305,012","302,296","337,433","395,502","509,129","630,027","491,157","533,705","501,570","541,106","481,763","5,498,498","4,865,904","681,647","356,887","3,186,895","452,526","2,914,994","2,102,260","1,585,978","593,922","645,192","811,173","947,061","1,629,619","5,955,073","2,151,737","2,094,243","1,504,217","1,446,268","2,608,730","4,023,569","10,341,780"
Barbados,"Military Assistance, Total",,,,,,,,,,,,,,,,,,,,,,,,,,,,,,,,,,,"16,061","73,793","38,067","117,368","104,396","135,510","129,381","126,455","121,378","145,282","3,330","1,077,543","1,950,930","1,307,325","172,625","66,465","149,979","415,047","3,333,833","706,585","654,847","556,151","1,219,120","862,497","639,143","275,193","208,584","168,104","231,847","275,525","398,065","709,109","546,863","1,269,000"
Belarus,"Military Assistance, Total",,,,,,,,,,,,,,,,,,,,,,,,,,,,,,,,,,,,,,,,,,,,,,,,,"143,116","14,629,045","20,845,596","387,285","372,092","82,098",,,,,,,,,,,,,,
Belgium,"Military Assistance, Total",,,,,"704,500,988","2,527,816,751","2,111,740,451","1,009,169,236","556,266,343","740,203,630","333,021,922","376,143,060","41,678,493","159,128,858","107,108,182","341,273,034","37,600,393","72,849,973","35,657,205","2,331,554","108,139","121,340",,,,,,,,,,,,,,,,,,,,,,,,,,,,,,,,,,,,,,,,,,"4,255","3,151",,,
Belize,"Military Assistance, Total",,,,,,,,,,,,,,,,,,,,,,,,,,,,,,,,,,,,,,"41,917","96,366","96,793","1,121,298","131,953","167,787","527,513","178,149","814,179","951,485","980,117","920,666","307,761","76,404","405,330","589,677","880,203","731,888","530,102","1,072,774","1,002,699","916,392","777,718","1,399,830","867,419","4,006,709","1,911,653","4,895,465","5,361,984","13,752,030","5,654,000"
Benin,"Military Assistance, Total",,,,,,,,,,,,,,,,,"321,215","23,942",,,,"22,062","10,656","71,342",,,,,,,,,,,,,,,,,"86,254","108,128","153,507","114,150","136,525","236,064","181,014","159,834","535,580","145,934","227,798","390,061","477,041","4,812,856","494,124","463,676","488,666","628,408","468,623",,,"386,640","415,801","155,315","447,429","328,561","629,351","1,015,000"
Bolivia,"Military Assistance, Total",,,,,,,,,,,,,"549,073","2,140,098","2,008,006","10,736,212","14,521,364","29,700,236","16,858,499","14,518,433","16,283,530","20,517,544","13,031,838","9,936,939","7,193,552","11,546,565","26,468,645","20,189,489","31,078,159","25,665,748","45,223,730","32,814,436","8,200,833","2,207,100","17,147,777","504,254",,,,"241,981","6,279,646","256,574","328,434","650,312","1,290,330","75,079,513","55,520,289","41,982,186","33,859,564","11,038,641","5,090,050","765,546","6,433,235","13,104,803","6,529,640","10,978,174","8,578,378","7,729,923","8,767,673","11,098,636","6,493,915","4,417,785","2,172,614","1,691,446","652,239","900,422","285,143","229,000"
Bosnia & Herzegovina,"Military Assistance, Total",,,,,,,,,,,,,,,,,,,,,,,,,,,,,,,,,,,,,,,,,,,,,,,,,,,"322,596","111,614,317","18,427,841","7,853,192","6,152,638","1,265,836","8,551,654","4,969,683","4,370,587","23,199,930","10,935,596","11,322,395","10,390,668","4,536,054","4,762,077","5,360,945","5,577,597","5,499,000"
Botswana,"Military Assistance, Total",,,,,,,,,,,,,,,,,,,,,,,,,,,,,,,,,,,,"172,184","1,168,877","1,247,036","10,425,586","13,986,519","17,412,001","575,460","622,953","560,375","569,410","2,171,144","4,952,362","877,582","3,393,457","525,939","5,977,888","630,205","532,923","1,518,759","746,499","623,879","2,876,003","2,118,062","1,771,445","1,701,408","1,382,448","849,488","734,727","1,111,674","859,148","1,058,464","1,126,314","854,962"
Brazil,"Military Assistance, Total",,,,,,,"195,433,981","457,383,498","81,158,343","53,913,958","57,967,298","171,676,023","43,632,172","137,652,348","206,899,264","163,984,601","238,638,860","49,266,957","206,442,675","78,371,627","192,448,450","184,762,690","193,159,972","3,842,283","3,756,310","55,182,268","90,220,229","73,356,968","181,561,051","231,813,352","146,164,103","321,710","142,033",,,,,,,,,,,"74,371","206,453","155,770","111,393","221,657","368,857","138,709","141,490","277,623","4,238,847","12,882,734","2,017,672","985,963","24,668,642","1,618,590","1,572,710","800,451","752,061","1,083,713","828,336","2,309,515","1,007,241","1,510,755","1,673,177","1,195,000"
Brunei,"Military Assistance, Total",,,,,,,,,,,,,,,,,,,,,,,,,,,,,,,,,,,,,,,,,,,,,,,,,,,,,,,,,,,,,,,,"26,595",,,"43,790",
Bulgaria,"Military Assistance, Total",,,,,,,,,,,,,,,,,,,,,,,,,,,,,,,,,,,,,,,,,,,,,,,,"502,122","411,644","433,466","671,807","8,077,187","5,327,041","6,931,266","13,779,678","7,814,769","18,540,036","12,157,573","24,932,724","11,859,603","9,790,701","12,865,594","12,034,278","8,785,944","9,692,202","11,403,964","11,517,733","12,150,205"
Burkina Faso,"Military Assistance, Total",,,,,,,,,,,,,,,,,"327,276","11,971",,"46,515","51,224","44,124","21,311",,,,,,,,,,,,"307,836","209,081","150,028","171,860","230,877","65,819","31,876","62,311","130,303","76,100","114,881","134,894","165,543",,,,,,,,,,,,,"136,400","148,326","136,725","177,423","161,698","179,602","271,374","334,024","212,000"
Burma (Myanmar),"Military Assistance, Total",,,,,"15,445,354","9,070,841",,"7,135","7,057",,,,"99,133,265","70,862,414","71,821,976","13,457,032","69,479,515","57,760,434","12,765,137","66,277,778","20,051,338","21,388,988","14,656,822","422,957","507,610","188,760",,"25,274",,,,,,,,"73,793","69,416","316,475","341,296","224,559","416,268","481,993","533,705","444,495",,,,,,,,,,,,,,"65,094","71,152","8,375","4,452,110","201,725",,,,,,
Burundi,"Military Assistance, Total",,,,,,,,,,,,,,,,,,,,,,,,,,,,,,,,,,,,,,"67,067","78,297","263,276","273,762","245,578","273,100","191,980","204,788","388,622","688,473","274,433","491,317",,"62,255","98,556",,,,,,,,,,"526,727","321,103","340,417","510,448","358,713","358,465","325,000"
Cambodia,"Military Assistance, Total",,,,,,,,,,,"186,772,900","187,644,050","34,917,230","19,430,829","49,740,122","75,888,838","67,915,862","19,865,998","1,745,003",,,,,,"41,590,139","922,758,379","838,125,399","716,573,108","1,483,751,254","826,415,044",,,,,,,,,,,,,,,,,,,,"1,259,942","2,225,632","3,335,645","1,994,030",,,,,,,"33,502","1,536,569","1,973,546","2,163,965","1,494,642","5,593,945","2,531,788","2,738,389","7,349,000"
Cameroon,"Military Assistance, Total",,,,,,,,,,,,,,,,,"1,460,621",,,,,,,"76,438","62,847",,,,,,,,,"14,463,305","5,353,661","2,568,005","9,904,101","3,225,526","5,193,721","9,865,093","9,622,915","401,356","506,930","394,338","451,199","793,303","2,053,041","426,728","483,940","144,489",,"115,214","141,749","191,115","244,405","246,165","283,783","241,599","559,404","431,933","563,177","583,883","456,075","303,184","966,279","1,596,014","1,138,534","1,176,000"
Canada,"Military Assistance, Total",,,,,,"20,409,393",,"8,562,562",,,,,,,,"55,764,569",,,,,,,,,,,,,,,,,,,,,,,,,,,,,,,,,,,,,,,"30,551","52,098","41,995","50,072","14,721","8,375",,,,"7,447","7,352",,,
Cape Verde,"Military Assistance, Total",,,,,,,,,,,,,,,,,,,,,,,,,,,,,,,,,,,,,,,"8,030","94,857","103,129","82,470","12,495","114,150","136,525","109,200","3,267,538","535,295","246,396",,"106,117","88,839","283,498","205,919","92,980","160,203","160,344","182,764","175,427","239,298","209,743","474,055","851,194","234,037","376,009","196,513","1,852,410","1,122,000"
Caribbean (not specified),"Military Assistance, Total",,,,,,,,,,,,,,,,,,,,,,,,,,,,,,,,,,,,,,,,,"9,375,405",,,"1,729,552",,,,,,,,,,"168,235","5,606,711","11,569,766","10,634,847","12,320,309","15,893,937","22,369,566","19,340,372","18,285,281","20,187,023","20,793,083","26,875,169","26,718,424","23,038,520","27,690,000"
Central African Republic,"Military Assistance, Total",,,,,,,,,,,,,,,,,,,,,,,,,,,,,,,,,,,,,,"48,205","98,374","170,355","191,258","214,423","335,574","249,056","303,020","406,287","608,022","386,015","317,217",,"263,171","152,693","215,350","201,882","107,591","134,154","147,618","160,232","15,948",,,"116,552","289,537","123,401","56,716","62,385",,
Chad,"Military Assistance, Total",,,,,,,,,,,,,,,,,,,,,,,,,,,,,,,,,,,,,,,"46,356,015","687,227","9,898,552","17,241,800","37,098,736","9,984,705","422,895","6,606,573","1,853,461","530,771","545,908","325,100","87,724",,"36,800","134,588","115,561","130,246","220,154","270,391","316,505","685,588","2,932,923","551,383","404,916","195,740","180,652","909,780","804,510","574,800"
Chile,"Military Assistance, Total",,,,,,,"48,676,865","58,510,837","4,918,901","36,367,415","25,926,273","41,307,734","62,651,815","32,542,075","48,745,444","106,185,544","96,697,981","150,967,219","55,851,912","60,771,589","58,896,181","23,926,104","42,047,125","59,805,087","4,118,889","26,196,154","53,891,234","63,146,386","63,291,935","2,219,433",,,,,,,,,,,,,,,,,"5,125,640","5,683,171","392,463","140,154","719,339","775,302","691,028","29,649,679","1,239,294","1,156,586","3,149,774","1,679,928","2,995,754","1,956,260","1,767,170","1,546,561","1,417,206","743,598","6,192,590","2,371,667","2,579,466","855,000"
China (P.R.C.),"Military Assistance, Total",,,,,,,,,,,,,,,,,,,,,,,,,,,,,,,,,,,,,,,,,,,,,,,,,,,,,,,,,,"26,288",,,,"79,569",,"105,316","157,546","197,552","202,655",
China (Taiwan),"Military Assistance, Total",,"1,255,588,659",,,,"611,525,897","1,412,348,346","1,664,704,680","2,016,255,542","2,696,335,050","1,385,339,258","717,568,157","327,579,672","1,920,020,189","1,835,454,652","1,179,120,364","795,868,931","694,226,545","436,049,519","385,357,690","569,513,774","610,987,090","874,726,174","622,169,606","1,271,097,727","579,225,052","619,333,760","624,058,661","364,434,545","294,181,547","312,663,620","43,109,162","109,565,729","69,794,125","21,415",,,,,,,,,,,,,,,,,,,,,,,,,,,,,,,,,
Colombia,"Military Assistance, Total",,,,,,,"25,435,478","44,953,448","12,004,378","32,901,518","22,514,024","16,474,427","44,813,318","11,002,620","32,078,369","108,495,791","52,030,847","39,857,692","53,799,316","60,213,411","76,693,664","52,341,799","25,973,103","20,383,465","35,682,531","30,730,989","37,977,516","44,195,309","2,153,348","2,361,704","68,373,182","1,608,551","2,152,101","150,771,277","34,678,341","634,622","550,850","21,683,749","1,198,551","48,882,156","1,441,937","1,830,842","2,440,049","7,283,144","100,645,776","146,059,225","84,453,158","87,957,217","45,176,085","12,426,035","15,581,700","5,462,240","94,678,880","92,344,651","146,151,060","171,350,361","247,114,081","150,621,467","241,076,894","338,126,186","297,681,814","259,175,594","236,202,114","184,939,927","194,459,531","193,231,070","162,935,692","100,378,000"
Comoros,"Military Assistance, Total",,,,,,,,,,,,,,,,,,,,,,,,,,,,,,,,,,,,,,,,,,"49,482","41,054","44,968","83,247","208,764","139,242","90,472","202,133",,,"88,839","103,586","135,934","18,596",,,,,"144,775","626,911","586,124","66,398","141,486","193,256","115,412","210,802","126,600"
Congo (Brazzaville),"Military Assistance, Total",,,,,,,,,,,,,,,,,,,,,,,,,,,,,,,,,,,,,,"62,876","110,419","7,743",,,"3,570",,,"59,417","351,198","226,181","209,511","157,493","212,234","224,875","200,357",,,,"109,441","175,253","132,490","20,340","187,726","328,364","415,801","164,889","129,187","137,247","125,259","65,817"
Congo (Kinshasa),"Military Assistance, Total",,,,,,,,,,,,,,,,,"6,061","13,102,341","50,196,921","36,269,917","20,870,921","18,686,408","10,959,318","13,692,593","9,219,156","62,622,160","10,234,015","27,384,074","15,167,745","13,483,766","97,416,188","32,814,436","93,012,766","55,241,147","25,515,550","16,832,240","15,108,065","16,152,779","3,033,518","1,345,416","15,512,544","2,160,723","2,013,442","6,781,574","1,450,165","5,533,848","12,377",,,,,,,,,,,,,"384,073","382,404","455,003","6,599,478","6,787,060","40,190,919","16,583,993","22,424,445","17,973,000"
Costa Rica,"Military Assistance, Total",,,,,,,,,,,,,,,"37,300","379,934","3,763,676","1,945,300","2,561,309","1,255,900","1,257,833","115,825",,,,"460,389",,,,,,,"15,438,316",,,,"69,416","96,409","246,938","259,404","21,055,283","390,360","369,488","380,501","344,643","350,081","487,346","310,622","331,971","145,934","158,865","272,261","453,870","606,990","1,005,056","1,476,991","2,221,903","1,641,122","1,854,865","1,052,911","859,830","698,194","977,459","2,791,418","3,102,597","2,385,184","3,520,495","4,540,000"
Cote d'Ivoire,"Military Assistance, Total",,,,,,,,,,,,,,,,,"333,337","5,986",,,,"44,124","15,983","152,876","72,516","69,058","96,713","16,849",,,,,,,,"31,977","53,741","75,451","76,290","296,185","243,761","205,260","287,380","252,515","223,102","1,018,125","4,028,725","280,464","314,266","216,733","169,788","209,606","231,705","1,899,032","915,192","28,654",,,,,,,,,"26,258",,"90,635","300,000"
Croatia,"Military Assistance, Total",,,,,,,,,,,,,,,,,,,,,,,,,,,,,,,,,,,,,,,,,,,,,,,,,,,"148,564","302,609","581,990","612,374","577,806","5,879,311","5,755,823","7,001,370","7,605,928",,,,"81,636","328,715","1,785,516","3,497,715","4,530,716","3,446,300"
Cuba,"Military Assistance, Total",,,,,,,"4,359,122","12,130,296","10,578,814","11,139,884","13,908,330","36,763,292","13,107,528","5,614,609","621,674",,,,,,,,,,,,,,,,,,,,,,,,,,,,,,,,,,,,,,,,,,,,,,,,,,,,,
Cyprus,"Military Assistance, Total",,,,,,,,,,,,,,,,,,,,,,,,,,,,,,,,,,,,,,,,,,,,,,,,,,,,,,,,,,,,,,,,"3,191","5,252",,,
Czech Republic,"Military Assistance, Total",,,,,,,,,,,,,,,,,,,,,,,,,,,,,,,,,,,,,,,,,,,,,,,,,"691,975","722,444","707,448","13,457,793","13,389,851","23,746,652","10,806,966","9,691,616","12,653,139","14,771,351","34,139,578","11,969,680","9,168,426","6,716,333","5,561,064","4,697,752","4,829,296","8,205,697","8,126,570","6,892,000"
Denmark,"Military Assistance, Total",,,,,"343,455,887","786,857,704","567,412,414","796,318,227","256,876,743","111,321,820","193,815,783","54,579,348","139,024,077","280,925,599","253,406,682","219,295,700","90,231,247","271,683,533","20,981,437","12,902,043","28,668,348","275,773",,,,,,,,,,,,,,,,,,,,,,,,,,,,,,,,,,,,,,,,,,,,,,
Djibouti,"Military Assistance, Total",,,,,,,,,,,,,,,,,,,,,,,,,,,,,,,,,,,,,,"119,464","226,861","205,200","4,907,087","194,263","260,605","1,959,583","239,752","3,547,380","2,650,233","69,362","303,938","153,158","354,375","208,218","128,120","138,625","163,380","212,301","295,236","2,081,759","16,627,541","8,374,229","5,454,472","4,894,081","4,511,766","2,492,489","2,597,401","2,473,562","6,081,823","2,023,086"
Dominica,"Military Assistance, Total",,,,,,,,,,,,,,,,,,,,,,,,,,,,,,,,,,,,,"17,914","8,383","22,084","83,242","82,504","84,303","94,603","70,912","74,922","1,159,442","843,186","731,318","222,789","96,807","111,777","117,990","324,388","251,679","259,017","339,942","436,491","445,644","79,740","506,115","252,618","311,554","191,573","57,445","117,634","2,082,617","297,363","330,000"
Dominican Republic,"Military Assistance, Total",,,,,,,,"2,868,458","9,880,146","3,465,897","16,365,150","6,819,952","11,524,154","2,498,879","584,373","373,806","6,915,224","23,900,250","11,800,949","9,686,707","18,400,788","15,200,632","13,676,504","12,846,679","9,891,134","5,165,569","8,888,822","10,080,001","3,171,080","5,363,629","5,784,045","3,538,812","4,733,388","1,773,201","2,545,666","8,459,166","7,490,214","9,284,652","11,186,475","6,152,132","16,320,704","1,255,382","1,427,973","2,092,758","1,135,491","3,229,416","2,531,104","2,928,288","2,166,044","12,204,967","664,829","727,404","1,893,988","2,442,620","2,641,968","6,249,210","2,288,076","7,571,616","2,219,214","5,042,006","3,863,584","5,061,065","3,159,869","2,663,761","2,340,076","8,255,182","8,688,709","8,174,900"
East Africa (not specified),"Military Assistance, Total",,,,,,,,,,,,,,,,,,,,,,,,,,,,,,,,,,,,,,,,,,,,,,,,,,,,,,,,,,,,,,,,,"5,251,518","10,397,488","10,142,937","8,825,000"
Eastern Europe (not specified),"Military Assistance, Total",,,,,,,,,,,,,,,,,,,,,,,,,,,,,,,,,,,,,,,,,,,,,,,"380,594","977,101","90,001",,,,,,,,,,,,,,,"170,208","241,570","258,897","103,873",
Ecuador,"Military Assistance, Total",,,,,,,"16,709,969","28,541,872","7,762,972","8,402,175","15,662,226","14,534,325","26,464,055","24,957,317","5,508,030","66,954,251","29,400,308","20,703,973","30,345,299","33,781,375","21,548,216","36,164,929","12,722,825","11,562,521","11,268,931","1,362,752",,,"3,929","1,355,134","34,727,497","321,710","47,528,400","30,960,151","1,212,604","7,925,395","9,619,719","10,431,086","9,088,509","12,966,325","12,518,040","8,239,704","965,667","1,169,177","1,080,548","5,888,747","4,379,924","10,140,442","7,556,344","735,448","414,565","778,978","3,976,134","6,913,770","13,432,994","16,398,381","25,810,291","31,526,821","28,325,950","21,399,213","24,433,298","26,632,227","23,737,658","21,868,587","21,677,217","15,788,585","7,304,748","4,713,000"
Egypt,"Military Assistance, Total",,,,,,,,,,,,,,,,,,,,,,,,,,,,,,,,,,"529,357","4,016,260,534","2,085,889","1,233,187,123","1,891,124,294","2,663,670,039","2,645,258,153","2,205,841,428","2,283,037,594","2,323,483,248","2,250,972,459","2,166,896,062","2,081,085,002","2,014,050,097","1,962,523,173","1,921,447,816","1,920,276,840","1,898,847,315","1,907,094,993","1,778,529,230","1,754,140,229","1,795,722,000","1,737,074,520","1,653,967,938","1,629,063,497","1,599,788,928","1,577,116,224","1,500,298,805","1,458,600,531","1,418,542,081","1,373,061,514","1,366,793,729","1,353,648,919","1,322,527,981","1,301,389,000"
El Salvador,"Military Assistance, Total",,,,,,,,,,,,,,,"522,206","1,335,898","6,212,186","8,786,769","7,275,773","3,064,163","4,706,914","1,820,105","2,509,401","1,916,046","2,789,435","1,993,486","1,560,599","2,135,629","4,448,157","19,039,461","3,374,856","321,710","1,772,319","8,678","10,707","14,620,903","79,615,718","139,913,206","103,360,463","42,762,934","255,436,647","2,646,382","2,407,919","140,932,564","2,380,868","130,180,324","103,506,058","34,083,950","16,672,320","616,779","571,738","742,643","846,406","1,053,822","2,340,447","1,155,283","11,406,580","3,634,509","5,667,643","15,416,766","11,419,974","19,908,050","11,080,766","8,802,965","12,811,604","6,601,365","10,417,896","9,899,000"
Equatorial Guinea,"Military Assistance, Total",,,,,,,,,,,,,,,,,,,,,,,,,,,,,,,,,,,,,,"58,684","112,427","104,536","146,256","71,474","151,722","140,094","149,845","680,891","196,485","107,059",,,,,,,,,,,,,,,,,,,,
Eritrea,"Military Assistance, Total",,,,,,,,,,,,,,,,,,,,,,,,,,,,,,,,,,,,,,,,,,,,,,,,,,"407,458","933,832","6,944,471","2,948,112","1,896,341","583,119","35,166","197,248","425,615","467,397","337,410","278,112",,,,,,,
Estonia,"Military Assistance, Total",,,,,,,,,,,,,,,,,,,,,,,,,,,,,,,,,,,,,,,,,,,,,,,,"91,980","817,076","296,988","2,071,639","7,124,929","4,051,103","15,336,578","7,139,558","6,403,187","8,826,528","9,120,684","12,695,767","8,833,681","7,074,474","8,326,244","5,533,852","2,722,270","2,900,939","3,801,321","3,908,493","3,612,300"
Ethiopia,"Military Assistance, Total",,,,,,,,,"35,956,675","7,687,990","34,791,298","73,717,305","48,516,370","55,806,197","38,686,762","108,894,109","110,364,791","50,482,021","50,380,294","58,713,309","90,677,807","100,535,966","64,194,856","62,954,332","57,442,059","61,480,394","53,275,786","50,037,751","85,815,643","124,604,789","10,874,535","2,573,681","2,602,900",,,,,,,,,,,,,"16,059",,,"236,068","1,277,873","5,105,162","6,861,440","1,789,584","1,721,377","4,537,438","197,974",,"4,062,122","5,514,298","3,614,595","8,832,374","2,883,552","2,581,884","1,501,025","1,541,846","349,356","661,939","5,418,000"
Fiji,"Military Assistance, Total",,,,,,,,,,,,,,,,,,,,,,,,,,,,,,,,,,,,,,,"100,381","154,868","193,133","152,112","146,367",,,,,,,,,,,,"684,069","557,454",,,,"273,996","597,941","815,867",,,,,"43,790",
Finland,"Military Assistance, Total",,,,,,,,,,,,,,,,,"6,061","23,942","5,915","34,886","62,607","38,608","122,540","61,150","14,503","64,455","48,357","105,307","55,013","49,795","59,732",,"37,052","107,028","64,244","105,770","82,851","85,930","84,320","69,691","56,252","93,466","112,453","79,559","118,211","59,417","23,207",,,"14,449","21,223","19,434",,,,,,,,,,,,,,,,
France,"Military Assistance, Total",,,,,"3,668,470,702","9,754,556,164","10,428,110,219","1,478,433,288","1,149,618,521","1,517,285,808","1,805,161,988","301,590,524","1,083,481,192","610,941,265","685,830,558","155,276,749","199,159,659","175,100,905","3,584,649",,,,,,,,,,,,,,,,,,,,,,,,,,,,,,,,"3,879,645",,,,"2,657",,,"12,518",,"7,179",,"5,603",,"34,042","38,861",,,
Gabon,"Military Assistance, Total",,,,,,,,,,,,,,,,,,,,,,,,,,,,,,,"6,636,884",,"6,175,326","5,785,322",,"125,449","5,933,952","5,574,983","2,228,462","5,991,457","258,761","241,913","249,895","219,653","94,902","234,458","496,629","170,390","169,674",,,,,,,"61,216","166,706","196,534","295,650","336,214","508,713","651,125","629,144","209,569","364,455","1,018,954","539,735","212,200"
"Gambia, The","Military Assistance, Total",,,,,,,,,,,,,,,,,,,,,,,,,,,,,,,,,,,,,,,,,"112,505","97,132","103,528","102,044","154,840","239,275","951,485","327,208","2,062,646","144,489",,,,,,,,"60,087","83,420","218,958","220,172","80,690","112,114","126,592","177,501","122,690","371,704","111,350"
Georgia,"Military Assistance, Total",,,,,,,,,,,,,,,,,,,,,,,,,,,,,,,,,,,,,,,,,,,,,,,,,,"91,028","116,021","419,211","1,379,329","7,760,326","12,314,840","4,739,657","12,326,089","136,140,536","11,175,194","16,186,145","15,915,828","15,679,102","11,996,726","10,667,811","14,219,011","18,513,767","72,971,099","80,039,000"
Germany,"Military Assistance, Total",,,,,,"1,963,081,279","1,472,656,803","1,302,750,931","1,692,327,893","2,100,544","72,373,816","407,750","52,896,187","16,692,763","190,194,888","5,864,472","2,103,052","1,975,227","1,774,579","255,831","284,578","259,227",,,,,,,,,,,,,,,,,,,,,,,,,,,,,,,,,,,,,,"711,911","23,176","22,414","244,909","25,531","23,107",,"1,431,824","597,000"
Ghana,"Military Assistance, Total",,,,,,,,,,,,,,,,,"30,303","155,624",,,,"137,887","250,407","254,793","222,381","184,156","175,842","231,676","145,390","248,975","358,392","3,217","256,276","673,990","575,519","462,438","445,606","618,278","513,951","458,797","523,148","388,527","373,058","281,917","322,999","277,817","1,858,103","693,621","1,332,310","742,672","433,666","356,746","331,203","4,829,006","2,270,047","1,575,978","2,951,084","1,917,772","1,937,672","1,983,779","1,530,775","1,445,698","1,788,379","1,710,594","1,693,089","4,027,987","2,861,612","2,817,000"
Greece,"Military Assistance, Total",,,"1,608,858,782","1,245,101,963","823,281,972","1,211,683,006","1,245,205,068","815,562,584","409,306,227","116,181,078","205,410,608","788,201,028","270,335,590","763,889,017","815,393,599","735,271,162","617,188,274","577,478,643","372,478,189","477,619,799","582,695,409","513,611,488","357,517,771","650,573,965","330,303,927","463,805,441","486,524,554","336,612,234","265,239,064","305,883,364","624,935,663","109,703,165","452,234,591","505,709,461","457,523,899","361,257,314","399,710,986","592,482,347","564,722,268","970,763,115","940,116,814","791,486,241","614,349,636","595,112,982","533,932,084","560,583,953","542,367,908","528,198,682","490,512,030","419,475,804","355,131,096","363,880,757","172,008,765","2,762,873","59,255,514","21,769,506","6,638,349","900,051","9,271,428","679,606","1,188,929","35,588,384","903,006","762,800","367,606","151,803","1,841,208","105,700"
Grenada,"Military Assistance, Total",,,,,,,,,,,,,,,,,,,,,,,,,,,,,,,,,,,,,,,,"116,151","118,130","137,451","135,657","108,962","119,876","1,066,302","1,014,917","883,613","367,381","117,036","111,777","570,516","209,898","360,695","336,057","579,595","346,138","370,536","371,709","689,178","303,606","304,829","291,714","88,296","345,550","2,058,703","356,429","375,000"
Guatemala,"Military Assistance, Total",,,,,,,,,,,"4,060,577","1,223,251","185,153","1,416,241","3,512,457","698,589","22,121,444","17,328,130","16,195,990","9,128,530","8,309,666","11,946,505","6,020,432","12,362,572","6,661,771","30,763,217","9,477,894","16,086,722","9,536,818","10,136,832","6,699,935","321,710","1,531,481","2,893","5,354",,,,,,"847,537","654,265","876,418","16,351,187","672,637","5,323,478","617,305","316,653","225,740","202,284",,,"1,292,099","2,213,967","3,061,708","1,750,508","1,842,678","1,381,998","1,412,499","1,624,833","1,280,474","2,091,219","2,537,256","3,158,429","3,393,531","9,524,099","20,389,747","13,249,100"
Guinea,"Military Assistance, Total",,,,,,,,,,,,,,,,,,,,"4,918,940","728,519",,,"76,438",,,,,,,,,,,,,,,"96,366","174,227","5,839,002","249,244","328,434","262,892","279,710","979,584","1,407,888","502,122","423,447","127,150","219,309","48,584","74,964","94,211","221,824","233,141","4,140,935","332,981","257,620","576,708","686,010","645,521","524,649","373,395","249,972","1,627,207","48,882","457,000"
Guinea-Bissau,"Military Assistance, Total",,,,,,,,,,,,,,,,,,,,,,,,,,,,,,,,,,,,,,"23,054","32,122","25,166","7,500",,"73,184","83,019","91,572","798,120","640,512","376,968","2,807,737","147,379","106,117","122,154","162,194","86,136",,"28,654","69,991","86,375","94,461","7,179","100,816","132,242","104,494","131,912","311,940",,"10,184",
Guyana,"Military Assistance, Total",,,,,,,,,,,,,,,,,,,,,,,,,,,,,,,,,,,,,,"29,342","50,191",,,,,,,,"57,244","116,106","147,543","277,418","137,245","409,494","242,609","378,191","419,740","418,090","692,734","652,193","866,094","550,385","590,988","460,606","471,314","285,099","454,781","2,546,345","851,355","806,400"
Haiti,"Military Assistance, Total",,,,,,,,,,"714,185","7,452,353","1,775,687","1,130,069","874,922","10,394,386","2,714,693","1,600,017","5,986",,,,,,,,,,,,"49,795","331,844","3,217","1,830,984","1,822,376","998,458","285,334","918,083","1,073,079","1,282,871","1,353,159","1,290,056","425,180","453,381",,"166,494","799,726","2,582,159",,,,"13,133,067","931,426","681,487","1,265,124","611,013","1,488,713","3,722,260","816,180","715,203","802,844","623,434","1,463,629","1,408,498","1,337,200","3,293,752","1,873,627","1,962,394","205,000"
Honduras,"Military Assistance, Total",,,,,,,,,"3,500,395","672,174","266,155","868,114","351,152","396,548","2,169,642","888,556","9,060,701","5,147,562","2,401,597","5,017,784","7,740,511","4,952,891","5,221,260","4,249,953","2,127,126","3,940,933","2,751,930","2,472,612","2,609,166","14,821,116","11,684,235","321,710","9,750,840","9,250,730","6,012,162","9,757,927","20,011,972","43,015,394","19,638,568","1,761,624","126,335,451","33,338,179","6,588,310","71,091,515","1,886,380","33,916,098","51,629,259","9,351,825","2,495,109","787,588","459,841","694,058","979,978","2,610,199","2,715,581","1,182,635","1,579,256","2,077,258","2,352,072","5,685,718","3,949,190","3,075,191","3,979,497","5,971,123","4,346,156","4,832,752","10,451,502","9,930,000"
Hungary,"Military Assistance, Total",,,,,,,,,,,,,,,,,,,,,,,,,,,,,,,,,,,,,,,,,,,,,,,"386,782","966,546","11,728,166","11,125,636","1,126,371","5,877,287","15,244,149","24,154,452","10,946,436","9,635,610","13,202,888","14,757,582","25,501,942","10,743,278","10,453,099","4,660,976","4,153,655","2,277,601","2,217,191","2,314,481","2,113,112","1,847,000"
Iceland,"Military Assistance, Total",,,,,,,,,,,,,,,,,,,,,,,,,,,,,,,,,"52,490",,"50,860","9,839",,"16,767","18,069","42,589","41,252","49,482","39,269","31,132","33,299","12,847",,,,,,,,,,,,,,,,,,,,,,
India,"Military Assistance, Total",,,,,,,,,,,,,,,"130,552","606,669","38,848,891","355,882,085","243,986,848","171,901,264","43,944,473",,"330,325","361,807","377,081","695,188","118,693",,"880,201","341,451","826,292","3,217","617,533","893,832","1,215,281","646,921","11,196","171,860","279,060","249,725","549,399","555,300","346,283","451,413","494,488","422,345","349,651","467,440","534,104","219,623","294,298","495,558","550,641","238,220","320,118","636,904","633,739","2,268,279","1,226,763","1,620,047","9,622,675","1,425,526","1,632,726","1,420,176","1,481,978","1,319,441","2,957,338","1,462,000"
Indonesia,"Military Assistance, Total",,,,,"32,444,806",,"108,978","3,210,961","84,687","7,002",,,"19,154","118,762,838","76,329,112","109,053,436","36,339,774","50,326,397","9,133,166","720,979",,"13,799,703","25,509,583","27,660,362","39,308,314","161,638,098","137,354,727","83,845,562","76,919,329","70,609,262","175,973,669","34,101,277","121,348,252","161,743,140","96,079,483","81,989,220","72,192,680","88,730,253","54,633,445","91,436,018","64,056,514","38,337,715","3,255,778","9,796,184","2,742,160","2,876,124","41,692,046","3,204,229",,,,"800,943","143,112","640,637","645,549",,,"506,983","338,586","713,108","9,993,491","7,661,080","9,960,717","16,540,000","20,919,948","27,707,589","23,679,073","17,262,000"
Iran,"Military Assistance, Total",,,,,"94,042,916","198,787,491","211,402,899","146,954,963","180,630,244","108,521,095","156,902,066","542,367,067","669,645,939","532,456,326","530,287,768","359,228,000","270,614,952","363,094,657","218,426,997","482,195,693","879,196,813","1,089,652,567","649,764,467","647,108,776","12,535,538","9,576,099","59,720,402","1,427,965","7,859",,,,,,,,,,,,,,,,,,,,,,,,,,,,,"12,518","14,721",,,,,,,,,
Iraq,"Military Assistance, Total",,,,,,,,,,"73,484,024","40,940,172","145,665,501","63,686,116","4,110,247","161,635","288,015","430,308","215,479","443,645","970,996","1,087,086","540,516",,,,,,,,,,,,,,,,,,,,,,,,,,,,,,,"3,466,041",,,"196,672",,"1,251,809","48,713,518","1,331,692,721","1,708,094,118","6,096,725,089","4,509,658,617","4,643,796,384","2,760,224,554","1,101,603,088","982,333,264","1,156,591,672"
Ireland,"Military Assistance, Total",,,,,,,,,,,,,,,,,,,,,,,,,,,,,,,,,,,,,,,,,,,"3,570",,"14,984",,"17,018",,,,,,,,,,,,,,,,,,,,,"9,000"
Israel,"Military Assistance, Total",,,,,,,,,,,,,,"2,517,762","3,108,369","6,128","80,000,837","79,607,645",,"75,005,118","512,239,686","38,608,282","133,195,402","433,148,637","145,031,289","2,509,121,971","1,318,816,388","1,263,685,932","9,755,547,790","1,067,034,991","5,641,351,661","643,420,322","3,087,663,203","2,892,661,008","10,707,322,707","2,459,774,995","3,134,917,874","2,934,201,483","3,412,959,113","3,290,945,540","2,625,113,269","3,156,964,858","3,212,939,002","3,113,194,030","2,996,896,552","2,995,013,025","2,849,992,017","2,812,574,220","3,119,328,200","2,604,873,723","2,553,937,280","2,513,315,359","2,458,110,017","2,424,713,985","2,497,739,821","3,700,735,636","2,531,127,441","2,580,172,919","3,788,928,386","2,590,995,292","2,585,734,376","2,530,336,037","2,548,955,572","2,533,241,423","2,502,864,383","2,912,646,557","3,064,711,566","3,075,000,000"
Italy,"Military Assistance, Total",,,,,"345,862,748","3,047,757,386","2,902,448,903","3,030,433,251","1,791,969,167","653,213,109","118,009,244","130,703,696","616,277,294","1,102,710,555","1,012,911,805","1,145,680,006","392,949,565","1,015,350,616","69,125,762","5,081,742","56,482,963","154,433",,,,,,"48,862,523",,,,,,,,,,,,,,,,,,,,,,,,,,,,,,,,,,"53,793","10,885","70,211","315,091",,"954,210",
Jamaica,"Military Assistance, Total",,,,,,,,,,,,,,,,,,"3,244,161","76,898",,"2,845,776",,,,,,,,,,,,,,,,"3,663,375","2,248,856","337,281","389,106","14,321,868","520,480","558,694","482,545","12,180,720","7,907,333","3,132,937","4,770,909","1,248,211","1,771,432","669,246","2,323,014","1,416,129","2,394,315","2,386,937","1,790,885","2,057,742","2,057,975","2,167,690","2,153,681","3,170,477","3,123,381","2,502,425","2,082,925","2,092,205","2,721,023","4,086,707","4,373,000"
Japan,"Military Assistance, Total",,,,,,,,"655,749,507","507,380,792","1,076,178,610","1,423,590,577","906,126,356","590,368,696","260,928,274","842,486,144","400,959,507","1,002,168,059","282,637,066","47,493,646","105,617,672","9,516,275","2,388,198",,,,,,,,,,,,,,,,,,,,,,,,,,,,,,,,,,,,,,,,,,"8,510",,,,
Jordan,"Military Assistance, Total",,,,,,,,,,,,,"75,286,885","163,655","33,340,367","24,364,827","19,327,475","27,545,442","31,061,045","52,788,486","127,320,020","79,411,720","2,008,587","72,295,055","986,213","269,714,498","246,772,527","232,248,625","183,466,843","356,610,207","447,365,824",,"394,223,575","367,631,180","295,749,637","194,735,467","98,593,167","119,394,754","105,938,251","226,060,857","172,184,929","152,267,749","3,453,909","48,747,430","19,757,873","112,184,880","32,636,697","31,039,555","14,018,028","19,982,213","47,434,932","273,187,650","85,482,873","94,117,814","212,447,013","225,386,161","97,395,957","127,797,226","787,081,987","258,179,497","356,101,558","236,764,301","229,464,387","320,544,952","250,084,648","316,885,485","325,175,612","303,650,000"
Kazakhstan,"Military Assistance, Total",,,,,,,,,,,,,,,,,,,,,,,,,,,,,,,,,,,,,,,,,,,,,,,,,"240,495","22,413,900","13,638,258","1,421,748","2,574,657","3,818,253","3,108,198","2,692,188","5,572,573","13,010,056","4,627,349","5,261,490","6,902,972","5,530,636","17,754,849","3,220,130","13,397,673","17,927,348","108,158,740","97,406,000"
Kenya,"Military Assistance, Total",,,,,,,,,,,,,,,,,,,,,,,,,,,,,,"19,060,802","102,656,008","48,256,524","46,910,867","79,183,702","27,839,039","50,427,847","14,593,043","48,018,207","22,527,538","22,262,279","40,634,878","2,710,525","7,079,176","10,275,270","1,626,649","2,265,891","1,110,839","1,168,601","961,978","416,128","400,416","412,271","414,344","596,223","759,782","549,639","1,836,315","19,385,521","2,571,295","11,091,457","4,607,389",,"48,982","901,041","1,666,832","2,624,326","14,251,030","3,588,900"
Kiribati,"Military Assistance, Total",,,,,,,,,,,,,,,,,,,,,,,,,,,,,,,,,,,,,,,,,,,,,,,,,,,,,,,,,,,,,,,,,,"34,312","15,276","33,400"
"Korea, North","Military Assistance, Total",,,,,,,,,,,,,,,,,,,,,,,,,,,,,,,,,,,,,,,,,,,,,,,,,,,,,,,,,,,"7,361",,,,,,,,,
"Korea, South","Military Assistance, Total",,,,,"35,863,824","47,697,508","12,256,399","30,026,049","89,605,868","406,105,136","3,188,952,085","2,469,138,420","683,372,771","1,200,147,948","1,947,623,260","1,571,592,626","1,675,126,613","1,259,949,593","935,729,521","717,322,202","1,349,296,248","1,528,479,813","2,252,217,041","2,873,492,769","1,714,845,128","3,118,212,480","3,267,468,712","1,551,452,493","640,911,886","499,450,625","1,061,241,119","436,238,978","477,488,588","800,075,323","608,208,052","320,707,924","364,216,998","351,339,190","374,666,621","448,664,285","434,928,766","301,480,431","3,577,072","2,836,466","2,437,476","1,920,627","1,520,828","1,170,109","402,791","30,343","14,149","12,493",,,,,,,,,,,,,,,,
Kosovo,"Military Assistance, Total",,,,,,,,,,,,,,,,,,,,,,,,,,,,,,,,,,,,,,,,,,,,,,,,,,,,,,,,,,,,,,,,,"2,233,996","3,327,196","5,782,289","3,706,000"
Kyrgyzstan,"Military Assistance, Total",,,,,,,,,,,,,,,,,,,,,,,,,,,,,,,,,,,,,,,,,,,,,,,,,,"72,244","84,894","320,655","1,440,663","2,269,148","2,567,584","1,768,743","5,180,622","28,290,893","6,094,557","6,121,240","9,624,993","9,200,917","17,125,118","28,609,903","6,289,218","15,657,577","16,494,493","28,640,000"
Laos,"Military Assistance, Total",,,,,,,,,,,"199,207,138","61,234,885","97,926,581","51,450,468","123,669,573","284,981,460","370,791,757","23,996,019","151,265,103","294,624,755","392,068,255","457,960,407","452,891,007","487,873,145","681,226,468","922,560,412","1,259,711,434","1,209,743,392","261,950,100","44,072,102",,,,,,,,,,,,,,,,,,,"14,754",,,"694,058",,,,,,"26,288",,,,,"43,539","67,020","109,232","73,822","203,673","270,000"
Latin America & Caribbean (not specified),"Military Assistance, Total",,,,,,,,,,,,,,,,,,,,,,,,,,,,,,,,,,,,,,,,,,,,,,,,,,,,,,,,,,,,,"7,515,718","24,655",,,,,,
Latvia,"Military Assistance, Total",,,,,,,,,,,,,,,,,,,,,,,,,,,,,,,,,,,,,,,,,,,,,,,,"69,362","166,723","499,482","1,657,435","7,097,543","2,773,651","10,364,598","7,211,285","6,344,720","7,673,857","9,134,453","12,685,953","9,958,381","7,365,333","8,140,738","5,416,296","2,702,058","2,706,632","3,743,096","4,000,146","3,376,976"
Lebanon,"Military Assistance, Total",,,,,,,,,,,,"24,991,146","19,728,331","9,063,944","3,661,659","269,631","224,245","430,959","331,255","465,148","415,483","264,743","506,143","392,382","377,081","20,588,612","41,111,903","2,902,265","675,868","622,437","401,532",,"77,290,385","1,330,624","115,210,792","55,039,925","45,503,333","22,098,729","203,878,132","29,986,321","1,252,554","822,871","851,429","664,148","587,725","186,282",,,"871,977","439,246","11,523,597","7,790,945","3,706,632","740,232","735,873","758,033","694,822","711,028","858,734","837,543","937,469","34,712,045","9,896,496","8,956,153","64,778,346","2,599,372","81,047,769","83,856,000"
Lesotho,"Military Assistance, Total",,,,,,,,,,,,,,,,,,,,,,,,,,,,,,,,,,,,,,,,,,,"85,678","102,044","88,242","96,353","478,063","194,516","191,805",,"45,277","99,944","103,586","100,941","98,293","112,012","99,260","120,174","63,792",,,"56,035","116,468","190,421","258,375","184,036","189,416","92,000"
Liberia,"Military Assistance, Total",,,,,,,,,,,"4,094,700","3,485,607","6,385","220,304","1,243,348","5,839,960","9,163,732","748,192","2,543,563","6,267,870","3,494,613","4,274,488","3,521,686","2,705,905","2,475,201","3,084,609","10,414,253","871,943","444,030","6,729,434","5,956,604","3,217","1,843,335","1,987,258","3,862,667","8,992,937","11,858,946","15,915,947","12,589,804","1,473,182","24,676,065","1,521,120","478,371","342,451","367,952",,,,,,,,,,,,,,,,"32,418,589","25,108,080","60,445,690","98,373,003","55,136,740","18,559,515","11,533,008","13,285,000"
Libya,"Military Assistance, Total",,,,,,,,,,,,,"9,066,094","4,003,242","8,989,403","5,515,177","9,369,795","6,727,744","12,847,951","13,396,263","14,041,059","10,517,999","6,398,707","1,666,348","662,310",,,,,,,,,,,,,,,,,,,,,,,,,,,,,,,,,,,,,,,,"10,503","487,642","30,551,015","191,000"
Lithuania,"Military Assistance, Total",,,,,,,,,,,,,,,,,,,,,,,,,,,,,,,,,,,,,,,,,,,,,,,,"108,567","218,363","216,733","1,653,394","4,735,460","2,818,084","13,428,357","7,335,018","7,192,140","9,269,168","9,528,773","14,342,205","9,251,256","7,701,385","6,426,073","7,121,950","2,800,992","2,899,888","3,951,045","4,212,985","3,674,923"
"Macedonia, Former Yugoslav Republic","Military Assistance, Total",,,,,,,,,,,,,,,,,,,,,,,,,,,,,,,,,,,,,,,,,,,,,,,,,,,"176,862","1,386,729","2,680,969","28,651,451","9,803,893","656,441","18,019,556","13,868,797","15,435,128","10,529,107","6,838,079","5,551,930","5,099,547","3,620,120","3,689,717","5,626,081","5,850,519","4,664,400"
Madagascar,"Military Assistance, Total",,,,,,,,,,,,,,,,,,,,,,,,,,,,,,,,,,,,,,,"34,130","96,793","3,947,045","141,116","142,797","131,446","144,850","865,567","329,539","227,689","404,267",,,"141,588","154,016","196,498","152,753","208,394","567,565","260,376","256,393","398,431","1,394,036","841,643","468,048","425,521","61,968",,,
Malawi,"Military Assistance, Total",,,,,,,,,,,,,,,,,,,,,,,,,,,,,,,,,,,,"44,276","47,024","140,422","297,128","356,196","2,231,346","342,710","282,025","1,150,152","359,628","2,445,749","377,500","197,531","159,346","180,611","176,862","213,770","1,086,290","1,593,518","440,992","449,349","493,756","481,947","382,750","496,543","593,306","666,814","549,684","459,563","435,876","311,925","407,347","293,500"
Malaysia,"Military Assistance, Total",,,,,,,,,,,,,,,,,,,,"470,962","23,841,912","64,917,068","974,990","840,818","821,844","10,239,059","46,541,030","42,864,227","74,373,034","15,379,531","57,495,329",,"111,992,632","49,447,147","21,468,182","17,894,863","23,057,321","21,987,648","9,251,127","21,023,334","1,785,077","1,563,271","1,629,674","1,470,119","1,551,726","1,520,764",,,,"459,474","713,108","850,916","860,036","1,263,778","1,212,729","1,131,839","1,780,322","1,453,351","1,436,539","1,837,808","9,452,332","3,224,243","2,074,650","1,635,064","1,897,899","1,635,525","2,915,585","828,600"
Maldives,"Military Assistance, Total",,,,,,,,,,,,,,,,,,,,,,,,,,,,,,,,,,,,,,,"30,114","44,525","43,127","56,813","53,549","50,157","59,938","73,870","75,809","158,327","150,494",,"70,745","111,049","115,853","135,934","124,859","130,246","139,982","156,476","170,520","216,565","3,924,856","193,880","183,954","178,719","152,294","211,069","272,922","937,784"
Mali,"Military Assistance, Total",,,,,,,,,,,,,,,,"7,476,129","1,175,770","413,002","550,119","2,558,314","4,797,978","364,021",,"5,096","217,547","27,623","400,041","16,849",,,,,,,"195,409","248,437","235,119","207,490","244,930","278,762","273,762","269,403","251,680","243,867","278,045","258,546","379,047","333,240","1,394,278","193,615","230,628","215,158","207,172","2,523,519","1,293,754","351,665","706,275","428,119","379,070",,,,"55,513","252,121","451,631","635,286","607,965","69,000"
Malta,"Military Assistance, Total",,,,,,,,,,,,,,,,,,,,,,,,,,,,,,,,,"1,543,832",,,,,,,,,,,,"124,871","44,965","35,584","16,587","78,198","26,008","82,064","41,644","141,749","122,475","543,271","716,354","3,981,864","369,284","6,492,028",,,"5,603","168,715","232,973","806,633","1,964,085","562,139","150,000"
Marshall Islands,"Military Assistance, Total",,,,,,,,,,,,,,,,,,,,,,,,,,,,,,,,,,,,,,,,,,,,,,,,,,,,,,,,,,,,,,,,,"61,968","35,351","45,827","44,000"
Mauritania,"Military Assistance, Total",,,,,,,,,,,,,,,,,,,,,,,,,,,,,,,,,,,,,"58,220","60,780","114,435","143,253","112,505","109,960","107,098","164,307","193,133","171,829","129,959",,,,,,,,,,"105,623","162,735","160,706","276,389","129,786",,"622,613","445,733","945,273","423,178","1,460,339","1,038,000"
Mauritius,"Military Assistance, Total",,,,,,,,,,,,,,,,,,,,,,,,,,"4,604",,,,,,,,,,,,,,,,,,,,,"1,005,634","138,724","95,903",,,,"29,985","84,790","126,188","102,894","109,441","116,418","134,944","172,294","125,150","434,830","320,014","158,507","199,558","155,962","463,357","115,000"
Mexico,"Military Assistance, Total",,,,,,,,,,,,,"6,385","3,147,203","17,220,365","4,099,615","4,381,864","2,992,769","1,490,646","1,069,840","1,428,580","457,784","575,404","7,577,553","430,259","20,625,443","8,818,486","46,335","121,813","391,246","331,844","3,217","364,344","332,656","463,092","297,633","226,162","171,860","122,465","309,736","401,267","344,543","458,736","297,483","407,911","18,467,572","1,363,021","26,101,273","1,063,783","290,422","565,958","3,295,999","64,275,100","32,057,442","28,869,050","25,123,180","28,992,652","24,094,828","18,299,618","13,125,489","12,622,808","17,005,446","16,942,252","13,327,317","71,463,710","99,803,405","95,400,636","91,654,000"
Micronesia (Federated States of),"Military Assistance, Total",,,,,,,,,,,,,,,,,,,,,,,,,,,,,,,,,,,,,,,,,,,,,,,,,,,,,,,,,,,,,,,,"30,850",,"553,146","131,369",
Middle East & North Africa (not specified),"Military Assistance, Total",,,,,,,,,,,,,,,,,,,,,,,,,,,,,,,,,,,,,,,,,,,,,,,,,,,,,,,,,,,,,"23,125,013","21,293,230","22,858,163","26,380,173","28,358,198","27,033,468","26,477,546","28,000,000"
Moldova,"Military Assistance, Total",,,,,,,,,,,,,,,,,,,,,,,,,,,,,,,,,,,,,,,,,,,,,,,,,,"82,359","149,979","378,956","1,455,656","5,331,099","2,304,583","2,262,376","4,994,828","4,242,382","2,555,787","2,633,473","1,726,612","1,663,113","1,589,187","1,180,821","1,233,056","3,018,175","2,438,989","15,690,000"
Mongolia,"Military Assistance, Total",,,,,,,,,,,,,,,,,,,,,,,,,,,,,,,,,,,,,,,,,,,,,,,,"162,850","159,346","72,244","138,660","97,168","497,485","571,998","569,836","1,122,722","3,922,053","3,362,360","2,584,789","3,429,139","4,183,268","4,296,750","5,321,598","2,036,118","2,114,261","5,724,857","4,066,340","3,875,000"
Montenegro,"Military Assistance, Total",,,,,,,,,,,,,,,,,,,,,,,,,,,,,,,,,,,,,,,,,,,,,,,,,,,,,,,,,,,,,,,,,"994,638","1,661,519","1,962,394","1,692,000"
Morocco,"Military Assistance, Total",,,,,,,,,,,,,,,"4,339,283","46,633,887","44,455,010","30,448,428","14,048,749","73,603,860","62,299,729","95,991,219","9,323,678","61,089,245","3,838,495","72,433,057","69,554,376","41,857,490","13,945,681","52,718,642","102,516,633","643,420","95,053,712","127,456,429","122,976,278","63,757,368","77,033,889","65,170,711","153,121,407","78,012,832","92,640,247","4,447,901","24,055,988","91,460,452","88,130,403","70,759,707","63,299,257","34,732,335","79,665,603","47,572,676","5,924,032","33,531,199","7,968,913","7,274,521","11,405,668","6,609,832","11,461,173","10,197,821","22,717,719","21,314,484","28,945,963","20,404,002","29,492,310","17,383,727","18,881,897","16,695,112","18,054,437","15,603,629"
Mozambique,"Military Assistance, Total",,,,,,,,,,,,,,,,,,,,,,,,,,,,,,,,,,,,,,,,,,,,,,,"134,600","278,956","259,675","1,084,569","242,185","559,411","278,047","239,566","244,405","231,838","254,514","191,527","289,516","290,747","979,186","913,368","1,247,403","299,992","451,631","467,887","1,723,077","479,000"
Namibia,"Military Assistance, Total",,,,,,,,,,,,,,,,,,,,,,,,,,,,,,,,,,,,,,,,,,,,,,,"4,935,343","477,996","1,327,884","317,875","560,299","818,989","256,239","273,213","192,602","227,931","245,606","260,376","214,683",,,,"32,655","61,701","161,747","145,565","207,747","135,900"
Nepal,"Military Assistance, Total",,,,,,,,,,,,,,,,,,,"2,283,291","1,314,043","1,929,436","4,666,087","69,262","66,246","24,172","55,247","105,505","139,005","98,237","99,590","136,056","3,217","89,542","185,130","136,518","63,954","138,832","182,340","148,564","209,072","228,760","157,610","185,636","172,955","164,829","197,523","304,785","269,909","219,839","355,442","135,830","194,336","267,143","1,340,493","915,192","281,332","1,061,321","17,997,264","4,477,684","5,409,329","1,885,368","713,884","857,725","907,423","780,376","1,763,414","1,943,045","2,190,000"
Netherlands,"Military Assistance, Total",,,,,"500,459,739","3,111,260,835","2,534,103,072","632,916,010","69,238,653","457,078,332","116,692,115","52,606,363","483,586,713","387,049,271","371,736,077","212,603,951","62,994,598","161,669,360","14,155,224","5,901,565","341,493","154,433",,,,,,,,,,,,,,,,,,,,,,,,,,,,,"188,181",,,,,,,,,"78,968","75,322",,"41,362",,"59,867",,,
New Zealand,"Military Assistance, Total",,,,,,,,,,,,,,,,,,"8,978,306",,,,,,,,"12,890,902",,,,,,,,,,,,,,,,,,,,,,,,,,,,,,,,,,,,,,,,,,
Nicaragua,"Military Assistance, Total",,,,,,,,,"3,274,563","700,181","880,360","1,637,578","1,742,988","730,151","2,076,391","3,082,371","11,612,243","7,272,428","7,725,333","8,070,318","7,319,336","6,133,201","6,031,088","4,153,131","5,873,767","7,444,496","4,453,203","12,468,368","7,725,333","15,219,476","11,906,570","643,420","9,917,574","1,154,172","29,445",,,,,,,,,,,,,,,,,,"77,689","102,287","1,926,020","273,517","428,855","1,330,673","2,209,895","2,342,726","1,454,294","2,073,288","5,060,362","4,576,478","6,733,497","3,168,114","4,210,948","5,431,000"
Niger,"Military Assistance, Total",,,,,,,,,,,,,,,,,"321,215","17,957",,,,,"31,967",,,,,,,,,,,,,,"5,620,460","4,877,062","2,828,741","375,555","9,756,046","395,858","430,177","2,158,481","396,256","3,497,598","4,663,048","1,476,207","1,400,180","288,978","267,415","15,269",,,,,"129,802","165,239","126,357",,"2,178,544","325,002","63,132","105,316","66,169",,"67,212","400,000"
Nigeria,"Military Assistance, Total",,,,,,,,,,,,,,,,,"30,303","257,378","3,365,785","1,569,875","1,861,138","1,119,640","90,573","147,780","232,050","925,383","430,813",,,,,,,,,,,,,,,"172,271","169,572","155,660","163,164","160,588","317,162","569,976","205,084",,,,,,"119,546","13,708,407","20,649,953","8,449,714","117,769",,"1,448,500","2,239,151","2,062,677","2,288,239","3,425,040","2,979,920","11,115,952","4,948,300"
Norway,"Military Assistance, Total",,,,,"580,189,004","1,894,226,033","579,036,740","435,920,010","139,027,771","383,699,335","291,406,125","95,163,655","91,893,159","147,112,839","294,188,485","391,050,572","274,784,692","183,630,295","211,896,547","201,223,033","193,421,705","102,471,895",,,,,,,,,,,,,,,,,,,,,,,,,,,,,,,,,,,,,,,,,,,,,,
Oceania (not specified),"Military Assistance, Total",,,,,,,,,,,,,,,,,,,,,,,,,,,,,,,,,,,,,,,,,"562,524",,,,,,,,,,,,,,,,,,,,,,,,,"73,822","30,551","56,700"
Oman,"Military Assistance, Total",,,,,,,,,,,,,,,,,,,,,,,,,,,,,,,,,,,,"61,523,892","55,985,155","63,041,319","60,395,323","77,674,058","75,243,247","16,825,783","55,334","172,955","118,211","263,364","4,972,474","900,200","1,611,166","269,029","185,351","945,446","911,539","5,984,960","1,201,819","328,220","432,673","31,993,746","100,141,862","30,725,848","29,209,872","20,482,967","15,894,042","6,511,535","8,862,462","10,784,274","14,890,565","9,638,000"
Pakistan,"Military Assistance, Total",,,,,,,,,,"278,679,147","1,138,319,677","458,212,670","558,267,063","384,323,794","241,389,727","272,768,406","574,945,408","306,112,343","196,404,474","81,075,300","8,799,139","27,577,344","27,214,485","524,874","908,863","764,246","435,209","1,259,474","911,636","917,650","1,334,014","321,710","957,176","1,582,286","1,242,049",,,"1,203,023","523,541,905","582,245,700","611,221,998","571,706,433","559,693,974","451,122,570","384,471,859","296,886,294",,"3,845,075",,,,,,,"2,729,635","1,220,406","181,977","95,718,357","328,627,531","103,591,969","374,296,272","366,634,122","379,883,927","457,364,348","505,225,397","964,227,883","690,529,317","77,227,000"
Panama,"Military Assistance, Total",,,,,,,,,,,,,,,,"520,878","3,945,496","2,298,446","1,378,256","1,407,073","3,141,737","2,614,332","1,150,808","1,442,130","4,940,733","7,186,678","3,081,634","3,218,187","3,622,969","1,981,128","2,611,614","643,420","9,648,948","1,307,483","3,734,179","671,519","734,466","11,233,800","10,973,667","10,556,192","19,821,480","7,951,974","992,441",,,,,,,,"290,023",,"3,481,034","3,826,328","4,789,813","2,205,067","9,450,087","1,998,394","4,629,802","5,097,404","3,313,009","6,517,871","4,506,324","4,620,094","5,543,503","8,139,153","11,019,751","7,267,700"
Papua New Guinea,"Military Assistance, Total",,,,,,,,,,,,,,,,,,,,,,,,,,,,,,,,,,,,"19,678","17,914","35,630","42,160","85,177","101,254","73,307","108,883","69,182","79,917","67,447","221,240","146,264","147,543","72,244","176,862","224,875","151,290","232,837","207,213","230,536","203,611","257,873","314,051","349,375","341,846","322,761","262,325","265,951","255,224","329,600","180,251","210,800"
Paraguay,"Military Assistance, Total",,,,,,,,,,,,,,"2,001,621","453,822","2,641,157","5,369,753","8,451,579","7,334,926","16,634,856","11,149,750","5,294,850","7,133,946","5,901,013","5,714,233","18,724,035","11,750,654","8,213,959","9,257,826","3,667,044","8,362,474","2,895,391","1,963,754","1,790,557","24,091","7,379",,"18,863","110,419","145,189","176,258","155,777","187,421","204,087","341,313","340,446","185,656","749,413","601,959","128,595","189,989","220,384","1,675,094","990,565","674,771","505,355","1,448,182","886,281","1,024,347","406,806","565,494","1,361,646","1,810,149","2,713,760","1,744,554","2,707,506","1,211,857","1,033,400"
Peru,"Military Assistance, Total",,,,,,,"26,881,254","39,202,261","16,224,611","31,445,141","55,271,621","83,135,022","67,497,706","50,437,069","15,722,131","118,999,139","126,449,808","98,545,884","56,094,438","70,312,937","57,439,143","28,393,634","7,997,052","2,767,055","2,683,079","2,329,570","4,057,558","3,041,271","62,643,573","75,759,484","69,723,788","65,307,163","33,921,068","25,394,671","14,449,532","8,090,200","9,579,413","10,380,786","9,006,197","20,684,561","15,986,940","985,979","255,250","653,771","78,252","1,825,881","9,674,201","168,882",,,"459,841","4,642,114","58,083,112","36,933,554","42,868,162","14,726,932","14,647,252","16,649,849","12,684,726","10,902,412","8,412,888","13,377,752","8,738,349","11,743,617","10,561,853","24,844,797","13,249,975","6,871,000"
Philippines,"Military Assistance, Total",,"221,992,337","385,996,361","463,676,913","134,632,795","177,622,194","354,483,822","117,735,222","43,754,933","84,014,750","226,430,066","80,556,988","197,525,920","157,542,668","216,995,247","262,877,855","94,182,803","132,214,531","134,495,332","132,677,658","139,978,031","180,526,810","158,486,545","108,180,146","130,910,076","82,497,168","89,965,258","208,162,771","103,639,708","122,118,598","136,849,236","69,489,395","113,363,554","105,414,352","85,837,929","185,403,080","168,045,033","108,722,644","104,229,764","101,057,194","51,005,951","4,468,060","17,130,320","220,369,169","4,218,964","245,348,921","302,400,386","47,250,692","25,877,506","1,267,456","3,031,712","1,679,987","1,765,051","1,720,031","13,958,067","6,282,762","13,337,133","70,675,254","66,397,792","45,537,191","44,327,576","41,877,060","47,731,109","35,991,415","38,765,203","36,966,188","26,816,355","31,373,100"
Poland,"Military Assistance, Total",,,,,,,,,,,,,,,,,,,,,,,,,,,,,,,,,,,,,,,,,,,,,,,"543,042","1,072,097","1,009,192","1,011,421","2,471,824","24,286,494","18,518,720","169,604,714","10,601,081","94,714,110","17,296,738","51,572,296","4,698,589,280","42,114,034","104,275,911","35,682,971","33,225,972","30,903,461","30,688,822","57,843,505","36,683,622","26,265,000"
Portugal,"Military Assistance, Total",,,,,,"699,974,160","618,225,249","438,817,010","71,242,911","37,809,789","44,359,246","86,022,157","7,252,875","96,203,689","146,478,785","60,544,389","42,406,504","36,020,963","23,424,441","6,250,426","23,323,980","5,311,396","2,829,070","11,052,934","5,192,120","4,194,147","32,856,112","4,212,286","2,958,889","1,621,893","7,748,562","1,608,551","97,542,368","72,724,390","82,333,958","81,320,161","118,611,857","120,184,893","160,637,947","112,459,352","239,995,355","82,981,663","4,417,791","147,120,902","170,806,454","139,736,891","155,973,861","153,946,241","134,873,343","117,953,819","4,759,770","31,078,586","4,192,052","65,557,671","14,708,418","905,088","900,293","901,303","1,042,748","3,854,731","951,375","664,573","605,197","796,788","498,894","98,776","94,708","25,000"
Romania,"Military Assistance, Total",,,,,,,,,,,,,,,,,,,,,,,,,,,,,,,,,,,,,,,,,,,,,,,,,"455,907","450,805","6,787,723","13,926,977","10,115,989","20,180,078","10,109,613","9,498,852","23,168,365","12,963,739","32,571,775","12,530,834","17,364,618","16,022,595","17,335,195","15,614,492","14,332,443","15,733,478","15,890,000","13,803,900"
Russia,"Military Assistance, Total",,,,,,,,,,,,,,,,,,,,,,,,,,,,,,,,,,,,,,,,,,,,,,,,"5,320,234","25,246,460","40,505,220","85,924,069","63,266,014","24,649,616","52,227,383","69,147,930","148,039,809","117,776,781","81,046,623","69,929,775","85,657,425","86,975,798","178,261,920","136,728,046","80,040,507","78,815,395","91,251,591","122,214,244","101,850,000"
Rwanda,"Military Assistance, Total",,,,,,,,,,,,,,,,,,,,,,,,,,,,,,,,,,,,"127,908","3,432,735","10,479","124,473","3,872","125,630","137,451","178,497","129,716","164,829","388,622","375,952","117,614","982,634","108,367","495,214","892,559","489,307","727,366","417,083","213,604",,,"198,736","356,554","8,744,305","319,398","711,868","415,947","446,379","740,301","874,777","529,600"
Samoa,"Military Assistance, Total",,,,,,,,,,,,,,,,,,,,,,,,,,,,,,,,,,,,,,,,,,,,,,,,,"70,820","21,673","67,915","109,661","129,482","129,204","139,470","110,709","111,986","141,454","93,234",,,,"42,451","18,085","53,565","37,431","115,075","40,000"
Sao Tome & Principe,"Military Assistance, Total",,,,,,,,,,,,,,,,,,,,,,,,,,,,,,,,,,,,,,,,,,"97,132","76,754","86,478","91,572","473,733","225,881","378,476","538,531",,"41,032","104,109","98,134","99,595","114,233","58,611","128,529","140,203","834,199","224,940","224,807","462,848","239,466","132,975","587,120","588,498","266,812","518,400"
Saudi Arabia,"Military Assistance, Total",,,,,,,,,,,,"31,765,062","259,469,047","104,543,776","14,808,270","46,523,583","38,994,347","40,162,955","19,904,860","7,302,824","417,566,409","475,256,918","163,856,984","2,731,384","2,373,679","58,846,967","1,885,907","753,999","664,080","131,601",,,,,,,,,,,,,,,,,,,,,,,,,,,,"30,043","26,989","28,716",,,,,"11,553","7,278","4,073","9,000"
Senegal,"Military Assistance, Total",,,,,,,,,,,,,,,,"67,408","11,454,665","1,442,514","556,035","1,011,697","1,838,371","38,608",,"35,671","77,350",,,"80,033","27,506","120,931","96,235","3,217","24,793,936","153,311","307,836","398,484","407,539","656,004","618,348","923,401","6,630,286","881,516","869,278","2,056,438","730,910","3,781,838","8,643,813","21,253,463","11,358,598","650,200","1,380,939","884,230","3,628,235","6,915,115","4,577,287","1,121,246","4,794,350","3,153,308","3,507,774","2,602,364","1,774,123","2,529,356","3,709,390","1,954,692","1,377,998","3,902,004","4,765,919","2,499,650"
Serbia,"Military Assistance, Total",,,,,,,,,,,,,,,,,,,,,,,,,,,,,,,,,,,,,,,,,,,,,,,,,,,,,,,,,,,,,,,"81,636","285,099","1,768,711","1,978,642","2,840,226","2,687,000"
"Serbia and Montenegro, Former","Military Assistance, Total",,,,,,"585,825,179","1,689,159,875","1,188,640,527","908,239,493","403,248,396","106,953,555","253,693,019","27,530,279","12,589","6,217",,"1,818,201","1,197,107","5,323,737",,,,,,,,,,,,,,,,,"88,552","55,981","318,570","192,732","127,766","187,508","98,964","85,678","115,880","59,938","41,753","131,506",,,,,"25,749,569","18,809,033","39,232,311","50,541,426",,,,,,,,,,,,,
Seychelles,"Military Assistance, Total",,,,,,,,,,,,,,,,,,,,,,,,,,,,,,,,,,,,,,,,,"31,876","36,653","69,614","22,484",,"139,711","628,135","196,023","351,152",,"14,149","43,032","68,149","106,324","136,814","351,665","76,354","50,072","65,018","117,256","4,951,552","418,020","245,997","105,316","102,930","122,690","640,553","389,000"
Sierra Leone,"Military Assistance, Total",,,,,,,,,,,,,,,,,,,,,,,,,,,,,,,,,,,,,,"46,109","62,236","77,434","112,505","108,128","123,163","122,798","128,201","655,197","4,596,522","223,165","419,021",,"73,575","186,008","4,089",,"2,240,825","494,935","165,434","221,570","439,181","855,490","309,400","460,606","419,066","426,585","1,019,845","1,062,623","1,649,755","370,000"
Singapore,"Military Assistance, Total",,,,,,,,,,,,,,,,,,,,,,,"69,261,609","30,575,198",,,"8,352,504",,,,,,,,,,"15,675","98,505","86,328","106,472","93,754","86,136","73,184","81,289","79,917","75,476","29,395","22,618","29,509","14,449","28,298","27,762",,,,,,,,,,,,,,,"43,790",
Slovakia,"Military Assistance, Total",,,,,,,,,,,,,,,,,,,,,,,,,,,,,,,,,,,,,,,,,,,,,,,,,"188,855","427,687","372,235","5,581,618","9,024,247","5,142,596","5,078,052","4,471,350","15,114,285","11,385,207","18,916,680","9,186,646","6,898,336","5,513,826","5,213,838","2,239,304","2,127,915","2,302,004","2,390,108","1,900,000"
Slovenia,"Military Assistance, Total",,,,,,,,,,,,,,,,,,,,,,,,,,,,,,,,,,,,,,,,,,,,,,,,,"120,985","163,272","212,234","906,440","1,908,163","4,244,896","4,085,819","3,359,048","7,837,743","6,042,484","6,054,074","3,498,535","2,822,837","1,556,647","1,417,206","1,298,903","1,257,213","1,327,759","1,486,816","1,119,000"
Solomon Islands,"Military Assistance, Total",,,,,,,,,,,,,,,,,,,,,,,,,,,,,,,,,,,,,,,,"50,332","54,377","14,661","39,269","39,780","39,959","61,023","66,527","19,602","29,509","11,559","142,905","117,990","198,994","164,197","208,541","69,030","78,899","182,764","185,241","53,842","168,026","166,984","45,716","61,701","77,722","36,391","39,716","44,200"
Somalia,"Military Assistance, Total",,,,,,,,,,,,,,,,,,,,,,,,,,,,,,,,,,,,"49,195,500","45,581,706","21,891,239","11,182,460","1,980,375","63,930,883","1,726,379","1,103,109","11,044,921","1,248,707",,,,"6,071,380","5,418,329",,,,,,,,,,,"4,452,110",,"53,988,803",,"283,031,622","106,054,374","76,683,048","144,743,000"
South Africa,"Military Assistance, Total",,,,,,,,,,,,,,,,,,,,,,,,,,,,,,,,,,,,,,,,,,,,,,,,,,"150,268","420,224","11,906,435","894,111","1,553,142","1,755,999","1,503,041","2,799,649","10,228,535","8,842,505",,,"16,810","51,159","928,700","1,222,553","1,710,387","3,808,693","2,176,000"
South Sudan,"Military Assistance, Total",,,,,,,,,,,,,,,,,,,,,,,,,,,,,,,,,,,,,,,,,,,,,,,,,,,,,,,,,,,,,,,,,,,"43,416,047","48,792,000"
Spain,"Military Assistance, Total",,,,,,,,,"980,950,312","84,658,917","1,076,906,007","393,077,850","77,764,099","126,700,083","341,721,665","267,057,134","247,735,925","189,909,124","201,296,396","46,665,975","133,267,692","105,009,011","148,736,642","11,068,222","198,103,072","115,203,228","352,277,838","243,314,302","100,700,467","8,835,050","1,997,702","3,217","412,496,366","389,777,393","440,713,403","309,973,466","280,494,538","267,345,576","808,521,983","780,099,282","755,408,219","705,718,913","192,463,971","4,204,541","3,141,747","3,139,487","2,331,524","1,399,306","354,102","70,800","73,575","68,018",,,,,,,,"1,196",,"13,448","169,803","10,638","12,604",,,
Sri Lanka,"Military Assistance, Total",,,,,,,,,,,,,,,,,,,,,,,"1,827,441","402,573","212,713","13,489,408",,"951,977","47,154",,,,"18,526","179,345","64,244","51,655","150,028","4,405,494","192,732","278,762","277,512","287,730","274,885","280,187","271,386","301,905","371,311","337,763","572,465","144,489","135,830","248,473","272,595","288,018","7,369,086","264,400","320,687","324,219","4,434,747","3,644,507","8,954,048","1,698,976","1,596,806","641,473","420,121","1,799,805","1,985,816","1,165,000"
St. Kitts and Nevis,"Military Assistance, Total",,,,,,,,,,,,,,,,,,,,,,,,,,,,,,,,,,,,,,,,"61,947","48,752","58,646","94,603","105,503","78,252","899,290","966,956","845,916","368,857","117,036","111,777","173,515","222,165","425,297","302,850","263,097","414,857","440,637","446,542","766,950","340,687","320,519","314,572","86,168","171,199","2,339,435","412,439","403,000"
St. Lucia,"Military Assistance, Total",,,,,,,,,,,,,,,,,,,,,,,,,,,,,,,,,,,,,"4,478","16,767","28,107","81,306","90,004","87,968","62,474","32,861","73,257","871,991","886,505","817,267","972,306","327,990","121,681","163,798","201,720","484,516","470,215","450,652","405,949","458,162","462,490","818,399","325,623","484,141","313,483","76,594","1,801,271","630,088","395,126","403,000"
St. Vincent and Grenadines,"Military Assistance, Total",,,,,,,,,,,,,,,,,,,,,,,,,,,,,,,,,,,,,,"2,096","62,236","85,177","95,629","93,466","87,463","74,371","73,257","867,173","962,315","865,519","225,740","128,595","113,192","172,126","263,054","384,921","270,971","263,097","279,965","212,808",,,,,"72,928","81,913","360,254","2,076,378","343,190","399,000"
Sub-Saharan Africa (not specified),"Military Assistance, Total",,,,,,,,,,,,,,,,,,,,,,,,,,,,,,,,,,,,,,,,,,,,"5,188,657",,,,,,,,,,,,,,,,,"45,448,136","47,947,872","14,966,654","10,551,856","18,380,314","30,986,593","26,416,444","27,751,000"
Sudan,"Military Assistance, Total",,,,,,,,,,,,,,,"62,167","42,896","230,305","185,552","183,373","1,814,077","762,668","8,995,730",,,,,,"46,335","55,013",,,,"256,276","610,351","14,160,434","62,520,101","72,185,963","184,661,874","2,403,125","2,801,175","86,962,502","1,577,933","1,688,578","1,297,164","256,401",,,,,,,,,,,,,,,,"182,283,875","167,889,275","402,843,551","235,265,229","40,625,745","57,123,797",,
Suriname,"Military Assistance, Total",,,,,,,,,,,,,,,,,,,,,,,,,,,,,,,,,,,,"36,897","40,306","39,821",,,"78,753","62,311",,,,,,,,,"39,617","222,099","203,083","110,362","132,829","201,882","164,161","398,075","607,628","424,754","356,910","425,865","313,483","246,802","622,830","1,536,749","2,683,397","411,000"
Swaziland,"Military Assistance, Total",,,,,,,,,,,,,,,,,,,,,,,,,,,,,,,,,,,,,,,,"96,793","93,754","76,972","116,023","89,937","101,561","88,323","198,033","272,925","216,888",,"80,649","69,406","115,853","125,167","120,874","136,758","124,712","105,152","122,676","156,740","338,370","249,915","267,767","170,208","330,846","173,638","202,655","37,000"
Syria,"Military Assistance, Total",,,,,,,,,,,,,,,,,,,"94,644","116,287","108,139","33,093",,,,,,,,,,,,,,,,,,,,,,,,,,,,,,,,,,,,,,,,,,,,,,
Tajikistan,"Military Assistance, Total",,,,,,,,,,,,,,,,,,,,,,,,,,,,,,,,,,,,,,,,,,,,,,,,,,,,,,,,,,"9,587,609","1,043,975","2,810,554","12,136,112","7,480,648","7,448,496","27,808,860","2,400,994","17,196,405","8,440,227","25,623,000"
Tanzania,"Military Assistance, Total",,,,,,,,,,,,,,,,,,,,,,,,,,,,,,,,,,,,,,,,,,,,"29,402","96,567","224,823","92,828","245,783","408,693","164,717","114,607","174,903","6,815","248,987","240,420","217,511","272,329","344,248","257,620",,"3,583,010",,"71,840","319,141","498,894","1,140,604","2,011,275","2,795,000"
Thailand,"Military Assistance, Total",,,,,"77,306,465","352,969,119","229,544,113","173,327,653","299,925,951","319,268,655","311,163,051","106,238,679","91,293,009","103,190,479","251,181,090","373,389,749","475,198,910","385,773,857","212,908,057","177,006,264","293,490,574","384,097,249","478,496,491","491,312,855","512,105,482","435,468,477","522,906,302","260,685,771","135,727,741","143,665,591","341,530,748","122,571,571","145,018,278","109,521,931","86,437,539","94,829,246","122,019,961","159,815,475","157,767,046","186,248,159","191,856,403","151,490,696","4,107,207","78,884,878","3,634,570","8,912,611","1,050,501",,"3,451,023","1,293,175","3,252,846","2,005,829","2,180,757","8,663,321","4,162,860","18,321,726","20,919,599","18,014,982","17,984,340","8,558,489","14,453,712","9,568,505","2,912,783","5,316,885","7,509,671","5,921,369","4,767,995","3,617,000"
Timor-Leste,"Military Assistance, Total",,,,,,,,,,,,,,,,,,,,,,,,,,,,,,,,,,,,,,,,,,,,,,,,,,,,,,,"11,954,608",,,"53,828","2,587,242","3,085,746","2,987,386","1,324,663","793,505","135,103","283,582","834,918","302,455","300,000"
Togo,"Military Assistance, Total",,,,,,,,,,,,,,,,,,,,,,,,,,,,,,,,,"71,016",,,"73,793","71,655","75,451","98,374","60,011","69,378","93,466","128,518","107,232","169,824","465,704","439,385",,,,,,"34,074",,,,"66,174","103,900","166,840","483,382","16,223","265,605","88,167","111,699","155,445","232,904","680,269","1,180,000"
Tonga,"Military Assistance, Total",,,,,,,,,,,,,,,,,,,,,,,,,,,,,,,,,,,,,,,,"58,076","88,129","69,642","78,539","57,075","46,618","54,600","126,865","84,441","90,001","21,673","70,745","117,990","143,112","133,242","131,501","134,154","127,257","143,958","155,799","760,967","449,614","404,571","677,037","696,791","722,609","718,466","282,088","123,900"
Trinidad & Tobago,"Military Assistance, Total",,,,,,,,,,,,,,,,,,,,,,,,,,,,,,,,,,,,,,,,,"73,128","91,634","116,023","91,666","16,649","1,111,266","874,128","811,235","883,780","254,300","134,415","531,649","774,169","2,187,580","503,422","1,578,583","1,240,753","881,274","861,187","177,080","134,421","121,035","171,980","240,419","242,620","1,068,862","899,218","709,000"
Tunisia,"Military Assistance, Total",,,,,,,,,,,,,,"8,182,727","8,081,760","41,841,811","43,048,935","9,792,339","2,579,055","1,755,934","4,553,242","46,655,351","15,434,683","19,828,016","18,404,471","25,095,824","18,573,331","9,342,851","17,085,325","25,427,444","85,240,824","32,492,726","78,392,681","75,029,841","56,355,316","38,480,720","34,992,401","201,602,696","177,026,174","181,091,054","124,719,131","22,188,189","2,609,620","48,704,191","52,282,525","50,260,702","17,982,286","16,775,081","17,348,955","2,581,610","9,683,021","9,109,165","3,071,969","44,611,976","9,767,769","9,308,627","10,936,445","12,511,835","7,851,281","15,673,772","14,215,000","11,498,344","11,205,942","10,697,597","15,195,793","21,120,417","19,424,335","19,337,000"
Turkey,"Military Assistance, Total",,,"557,910,707","655,110,359","879,054,204","1,285,020,759","1,375,986,001","1,189,482,512","2,405,109,866","156,777,588","1,293,228,989","598,807,598","987,233,754","1,322,114,638","849,908,929","928,915,160","1,138,975,550","1,092,432,364","717,556,880","853,180,309","849,669,041","1,034,944,632","917,838,862","913,072,230","875,887,464","984,096,052","976,521,991","1,018,741,476","765,609,611","377,662,808","414,805,269","402,137,701","385,957,900","506,516,513","485,834,061","507,468,800","565,787,739","725,975,939","588,165,282","1,138,738,783","1,318,738,776","756,029,490","323,642,916","853,466,577","722,848,118","804,898,690","983,016,693","758,894,124","718,554,501","596,032,839","510,933,991","600,330,651","241,456,913","7,703,175","20,697,487","4,806,466","2,337,274","89,619,596","25,032,574","47,855,987","43,390,107","20,032,447","19,382,633","10,395,477","4,536,261","5,319,355","4,931,952","4,447,100"
Turkmenistan,"Military Assistance, Total",,,,,,,,,,,,,,,,,,,,,,,,,,,,,,,,,,,,,,,,,,,,,,,,,,"72,244","166,958","295,669","1,038,586","1,057,859","1,516,907","1,687,990","2,288,076","491,961","1,111,447","936,851","6,908,766","653,366","5,083,220","10,406,115","1,368,546","10,774,916","3,358,575","349,000"
Uganda,"Military Assistance, Total",,,,,,,,,,,,,,,,,,,,,,,,,,,,,,,,,,,,,"58,220","115,272","140,534","116,151","11,250",,"180,282","171,226","156,505","192,705","293,955","376,968","919,191","184,946","195,256","5,999,441","5,870,327","5,729,398","405,128","321,708",,,"1,335,314","3,183,858","2,638,588","437,072","416,889","663,813","4,225,372","18,295,419","6,780,289","3,042,600"
Ukraine,"Military Assistance, Total",,,,,,,,,,,,,,,,,,,,,,,,,,,,,,,,,,,,,,,,,,,,,,,,"116,106","559,187","68,114,318","16,794,003","5,183,440","8,539,028","6,796,678","8,373,539","5,975,693","11,042,069","52,385,722","8,830,238","8,146,896","5,597,004","14,163,360","12,360,824","8,606,162","10,674,236","13,977,343","84,769,901","66,094,000"
United Arab Emirates,"Military Assistance, Total",,,,,,,,,,,,,,,,,,,,,,,,,,,,,,,,,,,,,,,,,,,,,,,,,,,,,,,,,,,,"4,786",,"15,690",,,,,,
United Kingdom,"Military Assistance, Total",,,,,"411,230,545","2,148,965,498","2,052,420,063","505,183,998","467,831,978","550,342,477","327,562,323","218,685,684","207,741,236","267,625,521","468,362,839","131,365,392","73,146,220","48,668,403","715,747",,,,,,,,"4,396",,,,,,,,,,,,,,,,,,,,,,,,"13,022,705",,,,,,,"10,014","8,587","23,930","3,830,993","29,138","19,593","19,148","22,056",,"2,863,648",
Uruguay,"Military Assistance, Total",,,,,,,"20,342,571","22,833,498","16,231,669","3,500,906","20,459,849","16,323,165","27,083,359","24,157,927","28,814,582","31,234,287","8,727,364","11,582,014","14,924,208","16,896,502","28,719,572","8,835,781","10,272,029","10,568,827","16,905,814","30,229,165","29,484,338","12,733,742","21,266,279","31,961,255","11,146,647","8,686,174","61,753",,,,,"10,479","116,442","189,713","151,882","190,598","326,649","285,376","296,360","327,599","772,018","5,004,629","5,756,331","241,296","253,832","1,990,227","481,130","1,612,361","2,199,648","815,341","818,261","2,139,342","2,594,603","186,652","260,730","270,088","296,068","375,522","586,069","1,178,035","1,119,186","544,000"
Uzbekistan,"Military Assistance, Total",,,,,,,,,,,,,,,,,,,,,,,,,,,,,,,,,,,,,,,,,,,,,,,,,,,"134,415","406,718","1,752,784","2,701,175","2,890,359","2,991,754","9,284,653","51,705,989","19,964,335","1,385,535","54,464",,,,,"6,946,562","14,065,687","30,640,665"
Vanuatu,"Military Assistance, Total",,,,,,,,,,,,,,,,,,,,,,,,,,,,,,,,,,,,,,,,,,,,,,,,,"44,263","21,673","70,745","122,154","134,934","125,167","115,561","82,055","81,444","118,922","130,037","119,649","120,515","109,828","63,132","98,934","118,684","95,657","61,102","32,000"
Venezuela,"Military Assistance, Total",,,,,,,,,,,,,,"83,715,589","51,617,577","60,844,660","111,201,163","87,789,874","77,235,588","68,074,412","67,979,898","5,129,386","5,391,750","4,158,227","3,669,292","38,193,901","42,206,520","43,053,780","32,881,785","2,375,931","35,414,415","321,710","225,399","292,159",,,"17,914","48,205","84,320","87,113","176,258","181,435","273,100","236,949","191,468","163,799","592,551","1,004,243","333,446","281,753","391,933","11,195,302","13,002,766","14,729,277","11,657,071","8,908,837","9,586,251","8,534,837","7,739,646","1,465,700","894,594","589,486","575,808","574,453","571,365","342,077","336,061",
Vietnam,"Military Assistance, Total",,,,,,,,,,,"225,877,282","2,066,182,490","321,246,175","368,889,912","578,138,002","612,828,102","1,242,425,117","1,301,740,614","1,158,894,644","1,874,912,817","3,929,760,580","3,654,218,715","6,624,537,267","7,816,865,284","7,406,733,432","8,647,645,135","11,163,626,866","13,907,428,132","2,983,762,645","2,023,062,775",,,,,,,,,,,,,,,,,,,,,,,,,,,,,,,"57,940","130,001","298,245","508,498","1,543,946","2,692,949","3,486,889","3,407,000"
West Africa (not specified),"Military Assistance, Total",,,,,,,,,,,,,,,,,,,,,,,,,,,,,,,,,,,,,,,,,,,,,,,,,,,,,,,,,,,,,"347,640",,,,,,,
Western Europe (not specified),"Military Assistance, Total",,,,,,,,,,,,,,,,,,,,,,,,,,,,,,,,,,,,,,,,,,"54,980",,"44,968",,,,,,,,,,,,,,,,,,,,,,,,
World (not specified),"Military Assistance, Total",,,,,"11,986,487","505,729,649","765,236,647","1,689,429,076","915,938,950","932,998,543","1,571,252,271","1,381,326,429","1,179,473,247","3,035,734,985","1,049,764,629","1,764,102,949","1,135,490,665","1,907,997,719","649,513,611","498,406,101","505,267,534","2,036,460,008","272,848,118","275,976,832","125,510,078","95,061,193","122,570,795","120,669,370","109,325,648","115,833,762","165,294,922","63,376,902","183,777,714","138,627,886","138,520,634","106,914,120","100,886,136","160,328,961","86,837,726","100,238,329","107,427,135","59,061,597","66,907,670","124,396,315","73,257,471","104,780,186","98,160,726","86,066,345","50,717,787","200,706,472","143,433,689","42,226,517","453,241,262","108,861,252","1,261,875","2,701,305","6,336,114","4,995,971","3,728,132","5,007,064","275,073,626","20,685,813","154,235,997","106,700,449","116,671,929","109,573,924","177,942,350","261,808,766"
Yemen,"Military Assistance, Total",,,,,,,,,,,,,,,,,,,"5,915",,,,,,,,,,,,"799,745","3,217","651,497","1,978,580","1,490,995","1,239,727","2,046,654","23,140,370","6,781,751","1,767,431","11,606,751","1,786,858","2,145,529","3,438,350","1,684,922","955,496","38,678",,,,,"69,406","70,875","191,115","162,051","538,844","251,968","25,647,072","3,616,969","18,903,336","15,047,377","10,417,993","13,518,971","5,166,888","3,991,154","14,195,690","21,440,702","21,064,000"
Zambia,"Military Assistance, Total",,,,,,,,,,,,,,,,,,,,,,,,,,,,,,,,,,,,,,,,,,,,,,,,"429,744","665,417","108,367","130,170","137,424","234,431","192,460","199,243","178,437","866,618","236,592","398,698","545,599","435,709","292,502","276,475","460,626","378,109","380,548","429,751","363,000"
Zimbabwe,"Military Assistance, Total",,,,,,,,,,,,,,,,,,,,,,,,,,,,,,,,,,,,,,"125,751","220,839","284,570","358,140","313,387","248,110","268,081","309,679","335,628","2,039,117","952,975","1,907,727","348,218","328,256","310,938","406,166","421,259","397,159","372,504",,,,,,,,,,,,
